[{"pk": 18, "model": "contenttypes.contenttype", "fields": {"model": "accessstatus", "name": "access status", "app_label": "cat"}}, {"pk": 16, "model": "contenttypes.contenttype", "fields": {"model": "acquisitionmethod", "name": "acquisition method", "app_label": "cat"}}, {"pk": 38, "model": "contenttypes.contenttype", "fields": {"model": "artefactrepresentation", "name": "artefact representation", "app_label": "mediaman"}}, {"pk": 23, "model": "contenttypes.contenttype", "fields": {"model": "artefacttype", "name": "artefact type", "app_label": "cat"}}, {"pk": 62, "model": "contenttypes.contenttype", "fields": {"model": "article", "name": "article", "app_label": "tests"}}, {"pk": 63, "model": "contenttypes.contenttype", "fields": {"model": "book", "name": "book", "app_label": "tests"}}, {"pk": 24, "model": "contenttypes.contenttype", "fields": {"model": "category", "name": "category", "app_label": "cat"}}, {"pk": 48, "model": "contenttypes.contenttype", "fields": {"model": "client", "name": "client", "app_label": "parties"}}, {"pk": 40, "model": "contenttypes.contenttype", "fields": {"model": "collection", "name": "collection", "app_label": "subcollections"}}, {"pk": 61, "model": "contenttypes.contenttype", "fields": {"model": "comment", "name": "comment", "app_label": "tests"}}, {"pk": 33, "model": "contenttypes.contenttype", "fields": {"model": "conditionreport", "name": "condition report", "app_label": "condition"}}, {"pk": 34, "model": "contenttypes.contenttype", "fields": {"model": "conservationaction", "name": "conservation action", "app_label": "condition"}}, {"pk": 35, "model": "contenttypes.contenttype", "fields": {"model": "conservationactiontype", "name": "conservation action type", "app_label": "condition"}}, {"pk": 32, "model": "contenttypes.contenttype", "fields": {"model": "conservator", "name": "conservator", "app_label": "condition"}}, {"pk": 4, "model": "contenttypes.contenttype", "fields": {"model": "contenttype", "name": "content type", "app_label": "contenttypes"}}, {"pk": 51, "model": "contenttypes.contenttype", "fields": {"model": "country", "name": "country", "app_label": "location"}}, {"pk": 11, "model": "contenttypes.contenttype", "fields": {"model": "crontabschedule", "name": "crontab", "app_label": "djcelery"}}, {"pk": 22, "model": "contenttypes.contenttype", "fields": {"model": "culturalbloc", "name": "cultural bloc", "app_label": "cat"}}, {"pk": 36, "model": "contenttypes.contenttype", "fields": {"model": "deaccession", "name": "deaccession", "app_label": "condition"}}, {"pk": 39, "model": "contenttypes.contenttype", "fields": {"model": "document", "name": "document", "app_label": "mediaman"}}, {"pk": 57, "model": "contenttypes.contenttype", "fields": {"model": "flatpage", "name": "flat page", "app_label": "flatpages"}}, {"pk": 21, "model": "contenttypes.contenttype", "fields": {"model": "functionalcategory", "name": "functional category", "app_label": "cat"}}, {"pk": 50, "model": "contenttypes.contenttype", "fields": {"model": "globalregion", "name": "global region", "app_label": "location"}}, {"pk": 2, "model": "contenttypes.contenttype", "fields": {"model": "group", "name": "group", "app_label": "auth"}}, {"pk": 42, "model": "contenttypes.contenttype", "fields": {"model": "importissue", "name": "import issue", "app_label": "dataimport"}}, {"pk": 10, "model": "contenttypes.contenttype", "fields": {"model": "intervalschedule", "name": "interval", "app_label": "djcelery"}}, {"pk": 29, "model": "contenttypes.contenttype", "fields": {"model": "loanagreement", "name": "loan agreement", "app_label": "loans"}}, {"pk": 31, "model": "contenttypes.contenttype", "fields": {"model": "loanitem", "name": "loan item", "app_label": "loans"}}, {"pk": 30, "model": "contenttypes.contenttype", "fields": {"model": "loanpurpose", "name": "loan purpose", "app_label": "loans"}}, {"pk": 17, "model": "contenttypes.contenttype", "fields": {"model": "loanstatus", "name": "loan status", "app_label": "cat"}}, {"pk": 54, "model": "contenttypes.contenttype", "fields": {"model": "locality", "name": "locality", "app_label": "location"}}, {"pk": 7, "model": "contenttypes.contenttype", "fields": {"model": "logentry", "name": "log entry", "app_label": "admin"}}, {"pk": 47, "model": "contenttypes.contenttype", "fields": {"model": "maker", "name": "maker", "app_label": "parties"}}, {"pk": 44, "model": "contenttypes.contenttype", "fields": {"model": "message", "name": "message", "app_label": "djkombu"}}, {"pk": 37, "model": "contenttypes.contenttype", "fields": {"model": "migrationhistory", "name": "migration history", "app_label": "south"}}, {"pk": 20, "model": "contenttypes.contenttype", "fields": {"model": "museumobject", "name": "museum object", "app_label": "cat"}}, {"pk": 49, "model": "contenttypes.contenttype", "fields": {"model": "museumstaff", "name": "museum staff", "app_label": "parties"}}, {"pk": 19, "model": "contenttypes.contenttype", "fields": {"model": "obtained", "name": "obtained", "app_label": "cat"}}, {"pk": 13, "model": "contenttypes.contenttype", "fields": {"model": "periodictask", "name": "periodic task", "app_label": "djcelery"}}, {"pk": 12, "model": "contenttypes.contenttype", "fields": {"model": "periodictasks", "name": "periodic tasks", "app_label": "djcelery"}}, {"pk": 1, "model": "contenttypes.contenttype", "fields": {"model": "permission", "name": "permission", "app_label": "auth"}}, {"pk": 46, "model": "contenttypes.contenttype", "fields": {"model": "person", "name": "person", "app_label": "parties"}}, {"pk": 26, "model": "contenttypes.contenttype", "fields": {"model": "photorecord", "name": "photo record", "app_label": "cat"}}, {"pk": 27, "model": "contenttypes.contenttype", "fields": {"model": "phototype", "name": "photo type", "app_label": "cat"}}, {"pk": 55, "model": "contenttypes.contenttype", "fields": {"model": "place", "name": "place", "app_label": "location"}}, {"pk": 43, "model": "contenttypes.contenttype", "fields": {"model": "queue", "name": "queue", "app_label": "djkombu"}}, {"pk": 28, "model": "contenttypes.contenttype", "fields": {"model": "recordstatus", "name": "record status", "app_label": "cat"}}, {"pk": 25, "model": "contenttypes.contenttype", "fields": {"model": "reference", "name": "reference", "app_label": "cat"}}, {"pk": 56, "model": "contenttypes.contenttype", "fields": {"model": "region", "name": "region", "app_label": "location"}}, {"pk": 53, "model": "contenttypes.contenttype", "fields": {"model": "regiondistrict", "name": "region district", "app_label": "location"}}, {"pk": 45, "model": "contenttypes.contenttype", "fields": {"model": "report", "name": "report", "app_label": "reports"}}, {"pk": 64, "model": "contenttypes.contenttype", "fields": {"model": "restaurant", "name": "restaurant", "app_label": "tests"}}, {"pk": 5, "model": "contenttypes.contenttype", "fields": {"model": "session", "name": "session", "app_label": "sessions"}}, {"pk": 6, "model": "contenttypes.contenttype", "fields": {"model": "site", "name": "site", "app_label": "sites"}}, {"pk": 58, "model": "contenttypes.contenttype", "fields": {"model": "source", "name": "source", "app_label": "easy_thumbnails"}}, {"pk": 52, "model": "contenttypes.contenttype", "fields": {"model": "stateprovince", "name": "state province", "app_label": "location"}}, {"pk": 41, "model": "contenttypes.contenttype", "fields": {"model": "syndication", "name": "syndication", "app_label": "subcollections"}}, {"pk": 15, "model": "contenttypes.contenttype", "fields": {"model": "taskstate", "name": "task", "app_label": "djcelery"}}, {"pk": 8, "model": "contenttypes.contenttype", "fields": {"model": "taskmeta", "name": "task meta", "app_label": "djcelery"}}, {"pk": 9, "model": "contenttypes.contenttype", "fields": {"model": "tasksetmeta", "name": "taskset meta", "app_label": "djcelery"}}, {"pk": 59, "model": "contenttypes.contenttype", "fields": {"model": "thumbnail", "name": "thumbnail", "app_label": "easy_thumbnails"}}, {"pk": 60, "model": "contenttypes.contenttype", "fields": {"model": "user", "name": "user", "app_label": "tests"}}, {"pk": 3, "model": "contenttypes.contenttype", "fields": {"model": "user", "name": "user", "app_label": "auth"}}, {"pk": 14, "model": "contenttypes.contenttype", "fields": {"model": "workerstate", "name": "worker", "app_label": "djcelery"}}, {"pk": "0247cacdd06b0b21c2d318a0d49e7c06", "model": "sessions.session", "fields": {"expire_date": "2012-08-06T16:03:02.277", "session_data": "MDkzNjk2N2M3ZGM0Zjg5NWY2NDFiNTlmNmZiYTc0YzNlNmIzMjQzYTqAAn1xAShVEl9hdXRoX3Vz\nZXJfYmFja2VuZHECVSlkamFuZ28uY29udHJpYi5hdXRoLmJhY2tlbmRzLk1vZGVsQmFja2VuZHED\nVQ1fYXV0aF91c2VyX2lkcQRLAXUu\n"}}, {"pk": "b08f3a96b6d565a42ce50831251562b1", "model": "sessions.session", "fields": {"expire_date": "2012-08-06T17:09:11.989", "session_data": "MDkzNjk2N2M3ZGM0Zjg5NWY2NDFiNTlmNmZiYTc0YzNlNmIzMjQzYTqAAn1xAShVEl9hdXRoX3Vz\nZXJfYmFja2VuZHECVSlkamFuZ28uY29udHJpYi5hdXRoLmJhY2tlbmRzLk1vZGVsQmFja2VuZHED\nVQ1fYXV0aF91c2VyX2lkcQRLAXUu\n"}}, {"pk": 1, "model": "sites.site", "fields": {"domain": "example.com", "name": "example.com"}}, {"pk": 1, "model": "cat.acquisitionmethod", "fields": {"definition": "", "method": "test", "preposition": "by"}}, {"pk": 1, "model": "cat.loanstatus", "fields": {"status": "test", "definition": ""}}, {"pk": 1, "model": "cat.accessstatus", "fields": {"status": "test access", "definition": ""}}, {"pk": 1, "model": "cat.obtained", "fields": {"definition": "", "how": "test obtained"}}, {"pk": 1, "model": "cat.museumobject", "fields": {"storage_shelf_box_drawer": "", "comment": "", "significance": "", "acquisition_date": null, "other_number": "", "creation_date": null, "manufacture_technique": "", "width": null, "old_registration_number": "", "access_status": 1, "collector_2": null, "related_documents": [], "collector": null, "category": [], "functional_category": null, "is_public_comment": false, "artefact_illustrated": "", "assoc_cultural_group": "", "locality": 2, "photographer": "", "raw_material": "", "depth": null, "source": "", "site_name_number": "", "donor_2": null, "storage_section": "", "how_donor_obtained": 1, "storage_unit": "", "donor": null, "private_comment": "", "indigenous_name": "", "artefact_type": 1, "description": "", "registered_by": null, "how_source_obtained": null, "registration_date": null, "recorded_use": "", "cultural_bloc": null, "reg_counter": "", "reg_info": "", "category_illustrated": "", "exhibition_history": "", "global_region": 1, "when_donor_obtained": "", "when_collector_obtained": "", "region_district": 2, "state_province": 2, "circumference": null, "latitude": null, "storage_bay": "", "longitude": null, "how_collector_obtained": 1, "height": null, "length": null, "place": null, "record_status": null, "acquisition_method": 1, "loan_status": 1, "country": 1, "maker": null, "registration_number": 1}}, {"pk": 2, "model": "cat.museumobject", "fields": {"storage_shelf_box_drawer": "", "comment": "", "significance": "", "acquisition_date": null, "other_number": "", "creation_date": null, "manufacture_technique": "", "width": null, "old_registration_number": "", "access_status": 1, "collector_2": null, "related_documents": [], "collector": null, "category": [], "functional_category": null, "is_public_comment": false, "artefact_illustrated": "", "assoc_cultural_group": "", "locality": 3, "photographer": "", "raw_material": "", "depth": null, "source": "", "site_name_number": "", "donor_2": null, "storage_section": "", "how_donor_obtained": 1, "storage_unit": "", "donor": null, "private_comment": "", "indigenous_name": "", "artefact_type": 1, "description": "", "registered_by": null, "how_source_obtained": null, "registration_date": null, "recorded_use": "", "cultural_bloc": null, "reg_counter": "", "reg_info": "", "category_illustrated": "", "exhibition_history": "", "global_region": 2, "when_donor_obtained": "", "when_collector_obtained": "", "region_district": 3, "state_province": 4, "circumference": null, "latitude": null, "storage_bay": "", "longitude": null, "how_collector_obtained": 1, "height": null, "length": null, "place": null, "record_status": null, "acquisition_method": 1, "loan_status": 1, "country": 5, "maker": null, "registration_number": 2}}, {"pk": 3, "model": "cat.museumobject", "fields": {"storage_shelf_box_drawer": "", "comment": "", "significance": "", "acquisition_date": null, "other_number": "", "creation_date": null, "manufacture_technique": "", "width": null, "old_registration_number": "", "access_status": 1, "collector_2": null, "related_documents": [], "collector": null, "category": [], "functional_category": null, "is_public_comment": false, "artefact_illustrated": "", "assoc_cultural_group": "", "locality": 5, "photographer": "", "raw_material": "", "depth": null, "source": "", "site_name_number": "", "donor_2": null, "storage_section": "", "how_donor_obtained": 1, "storage_unit": "", "donor": null, "private_comment": "", "indigenous_name": "", "artefact_type": 1, "description": "", "registered_by": null, "how_source_obtained": null, "registration_date": null, "recorded_use": "", "cultural_bloc": null, "reg_counter": "", "reg_info": "", "category_illustrated": "", "exhibition_history": "", "global_region": 2, "when_donor_obtained": "", "when_collector_obtained": "", "region_district": 3, "state_province": 4, "circumference": null, "latitude": null, "storage_bay": "", "longitude": null, "how_collector_obtained": 1, "height": null, "length": null, "place": null, "record_status": null, "acquisition_method": 1, "loan_status": 1, "country": 5, "maker": null, "registration_number": 3}}, {"pk": 4, "model": "cat.museumobject", "fields": {"storage_shelf_box_drawer": "", "comment": "", "significance": "", "acquisition_date": null, "other_number": "", "creation_date": null, "manufacture_technique": "", "width": null, "old_registration_number": "", "access_status": 1, "collector_2": null, "related_documents": [], "collector": null, "category": [], "functional_category": null, "is_public_comment": false, "artefact_illustrated": "", "assoc_cultural_group": "", "locality": 2, "photographer": "", "raw_material": "", "depth": null, "source": "", "site_name_number": "", "donor_2": null, "storage_section": "", "how_donor_obtained": 1, "storage_unit": "", "donor": null, "private_comment": "", "indigenous_name": "", "artefact_type": 1, "description": "", "registered_by": null, "how_source_obtained": null, "registration_date": null, "recorded_use": "", "cultural_bloc": null, "reg_counter": "", "reg_info": "", "category_illustrated": "", "exhibition_history": "", "global_region": 1, "when_donor_obtained": "", "when_collector_obtained": "", "region_district": 2, "state_province": 2, "circumference": null, "latitude": null, "storage_bay": "", "longitude": null, "how_collector_obtained": 1, "height": null, "length": null, "place": null, "record_status": null, "acquisition_method": 1, "loan_status": 1, "country": 1, "maker": null, "registration_number": 4}}, {"pk": 5, "model": "cat.museumobject", "fields": {"storage_shelf_box_drawer": "", "comment": "", "significance": "", "acquisition_date": null, "other_number": "", "creation_date": null, "manufacture_technique": "", "width": null, "old_registration_number": "", "access_status": 1, "collector_2": null, "related_documents": [], "collector": null, "category": [], "functional_category": null, "is_public_comment": false, "artefact_illustrated": "", "assoc_cultural_group": "", "locality": null, "photographer": "", "raw_material": "", "depth": null, "source": "", "site_name_number": "", "donor_2": null, "storage_section": "", "how_donor_obtained": 1, "storage_unit": "", "donor": null, "private_comment": "", "indigenous_name": "", "artefact_type": 1, "description": "", "registered_by": null, "how_source_obtained": null, "registration_date": null, "recorded_use": "", "cultural_bloc": null, "reg_counter": "", "reg_info": "", "category_illustrated": "", "exhibition_history": "", "global_region": 2, "when_donor_obtained": "", "when_collector_obtained": "", "region_district": 1, "state_province": 1, "circumference": null, "latitude": null, "storage_bay": "", "longitude": null, "how_collector_obtained": 1, "height": null, "length": null, "place": null, "record_status": null, "acquisition_method": 1, "loan_status": 1, "country": 2, "maker": null, "registration_number": 5}}, {"pk": 6, "model": "cat.museumobject", "fields": {"storage_shelf_box_drawer": "", "comment": "", "significance": "", "acquisition_date": null, "other_number": "", "creation_date": null, "manufacture_technique": "", "width": null, "old_registration_number": "", "access_status": 1, "collector_2": null, "related_documents": [], "collector": null, "category": [], "functional_category": null, "is_public_comment": false, "artefact_illustrated": "", "assoc_cultural_group": "", "locality": null, "photographer": "", "raw_material": "", "depth": null, "source": "", "site_name_number": "", "donor_2": null, "storage_section": "", "how_donor_obtained": 1, "storage_unit": "", "donor": null, "private_comment": "", "indigenous_name": "", "artefact_type": 1, "description": "", "registered_by": null, "how_source_obtained": null, "registration_date": null, "recorded_use": "", "cultural_bloc": null, "reg_counter": "", "reg_info": "", "category_illustrated": "", "exhibition_history": "", "global_region": 1, "when_donor_obtained": "", "when_collector_obtained": "", "region_district": 2, "state_province": 2, "circumference": null, "latitude": null, "storage_bay": "", "longitude": null, "how_collector_obtained": 1, "height": null, "length": null, "place": null, "record_status": null, "acquisition_method": 1, "loan_status": 1, "country": 1, "maker": null, "registration_number": 6}}, {"pk": 7, "model": "cat.museumobject", "fields": {"storage_shelf_box_drawer": "", "comment": "", "significance": "", "acquisition_date": null, "other_number": "", "creation_date": null, "manufacture_technique": "", "width": null, "old_registration_number": "", "access_status": 1, "collector_2": null, "related_documents": [], "collector": null, "category": [], "functional_category": null, "is_public_comment": false, "artefact_illustrated": "", "assoc_cultural_group": "", "locality": null, "photographer": "", "raw_material": "", "depth": null, "source": "", "site_name_number": "", "donor_2": null, "storage_section": "", "how_donor_obtained": 1, "storage_unit": "", "donor": null, "private_comment": "", "indigenous_name": "", "artefact_type": 1, "description": "", "registered_by": null, "how_source_obtained": null, "registration_date": null, "recorded_use": "", "cultural_bloc": null, "reg_counter": "", "reg_info": "", "category_illustrated": "", "exhibition_history": "", "global_region": 1, "when_donor_obtained": "", "when_collector_obtained": "", "region_district": null, "state_province": null, "circumference": null, "latitude": null, "storage_bay": "", "longitude": null, "how_collector_obtained": 1, "height": null, "length": null, "place": null, "record_status": null, "acquisition_method": 1, "loan_status": 1, "country": 6, "maker": null, "registration_number": 7}}, {"pk": 8, "model": "cat.museumobject", "fields": {"storage_shelf_box_drawer": "", "comment": "", "significance": "", "acquisition_date": null, "other_number": "", "creation_date": null, "manufacture_technique": "", "width": null, "old_registration_number": "", "access_status": 1, "collector_2": null, "related_documents": [], "collector": null, "category": [], "functional_category": null, "is_public_comment": false, "artefact_illustrated": "", "assoc_cultural_group": "", "locality": null, "photographer": "", "raw_material": "", "depth": null, "source": "", "site_name_number": "", "donor_2": null, "storage_section": "", "how_donor_obtained": 1, "storage_unit": "", "donor": null, "private_comment": "", "indigenous_name": "", "artefact_type": 1, "description": "", "registered_by": null, "how_source_obtained": null, "registration_date": null, "recorded_use": "", "cultural_bloc": null, "reg_counter": "", "reg_info": "", "category_illustrated": "", "exhibition_history": "", "global_region": 3, "when_donor_obtained": "", "when_collector_obtained": "", "region_district": null, "state_province": null, "circumference": null, "latitude": null, "storage_bay": "", "longitude": null, "how_collector_obtained": 1, "height": null, "length": null, "place": null, "record_status": null, "acquisition_method": 1, "loan_status": 1, "country": 7, "maker": null, "registration_number": 8}}, {"pk": 9, "model": "cat.museumobject", "fields": {"storage_shelf_box_drawer": "", "comment": "", "significance": "", "acquisition_date": null, "other_number": "", "creation_date": null, "manufacture_technique": "", "width": null, "old_registration_number": "", "access_status": 1, "collector_2": null, "related_documents": [], "collector": null, "category": [], "functional_category": null, "is_public_comment": false, "artefact_illustrated": "", "assoc_cultural_group": "", "locality": null, "photographer": "", "raw_material": "", "depth": null, "source": "", "site_name_number": "", "donor_2": null, "storage_section": "", "how_donor_obtained": 1, "storage_unit": "", "donor": null, "private_comment": "", "indigenous_name": "", "artefact_type": 1, "description": "", "registered_by": null, "how_source_obtained": null, "registration_date": null, "recorded_use": "", "cultural_bloc": null, "reg_counter": "", "reg_info": "", "category_illustrated": "", "exhibition_history": "", "global_region": 3, "when_donor_obtained": "", "when_collector_obtained": "", "region_district": null, "state_province": null, "circumference": null, "latitude": null, "storage_bay": "", "longitude": null, "how_collector_obtained": 1, "height": null, "length": null, "place": null, "record_status": null, "acquisition_method": 1, "loan_status": 1, "country": 7, "maker": null, "registration_number": 9}}, {"pk": 1, "model": "cat.artefacttype", "fields": {"definition": "", "name": "test", "see_also": ""}}, {"pk": 2, "model": "location.globalregion", "fields": {"description": "", "gn_id": "", "longitude": null, "latitude": null, "gn_name": "", "slug": "asia", "name": "Asia"}}, {"pk": 1, "model": "location.globalregion", "fields": {"description": "", "gn_id": "", "longitude": null, "latitude": null, "gn_name": "", "slug": "australia", "name": "Australia"}}, {"pk": 3, "model": "location.globalregion", "fields": {"description": "", "gn_id": "", "longitude": null, "latitude": null, "gn_name": "", "slug": "europe", "name": "Europe"}}, {"pk": 1, "model": "location.country", "fields": {"description": "", "parent": 1, "gn_id": "", "longitude": null, "latitude": null, "gn_name": "", "slug": "australia", "name": "Australia"}}, {"pk": 5, "model": "location.country", "fields": {"description": "", "parent": 2, "gn_id": "", "longitude": null, "latitude": null, "gn_name": "", "slug": "australia", "name": "Australia"}}, {"pk": 6, "model": "location.country", "fields": {"description": "", "parent": 1, "gn_id": "", "longitude": null, "latitude": null, "gn_name": "", "slug": "nochildren", "name": "NoChildren"}}, {"pk": 7, "model": "location.country", "fields": {"description": "", "parent": 3, "gn_id": "", "longitude": null, "latitude": null, "gn_name": "", "slug": "nochildren", "name": "NoChildren"}}, {"pk": 4, "model": "location.country", "fields": {"description": "", "parent": 1, "gn_id": "", "longitude": null, "latitude": null, "gn_name": "", "slug": "tasmania", "name": "Tasmania"}}, {"pk": 2, "model": "location.country", "fields": {"description": "", "parent": 2, "gn_id": "", "longitude": null, "latitude": null, "gn_name": "", "slug": "thailand", "name": "Thailand"}}, {"pk": 1, "model": "location.stateprovince", "fields": {"description": "", "parent": 2, "gn_id": "", "longitude": null, "latitude": null, "gn_name": "", "slug": "foo", "name": "foo"}}, {"pk": 2, "model": "location.stateprovince", "fields": {"description": "", "parent": 1, "gn_id": "", "longitude": null, "latitude": null, "gn_name": "", "slug": "queensland", "name": "Queensland"}}, {"pk": 4, "model": "location.stateprovince", "fields": {"description": "", "parent": 5, "gn_id": "", "longitude": null, "latitude": null, "gn_name": "", "slug": "quensland", "name": "Quensland"}}, {"pk": 3, "model": "location.stateprovince", "fields": {"description": "", "parent": 4, "gn_id": "", "longitude": null, "latitude": null, "gn_name": "", "slug": "tasmania", "name": "Tasmania"}}, {"pk": 1, "model": "location.regiondistrict", "fields": {"description": "", "parent": 1, "gn_id": "", "longitude": null, "latitude": null, "gn_name": "", "slug": "bar", "name": "bar"}}, {"pk": 4, "model": "location.regiondistrict", "fields": {"description": "", "parent": 3, "gn_id": "", "longitude": null, "latitude": null, "gn_name": "", "slug": "northern", "name": "Northern"}}, {"pk": 2, "model": "location.regiondistrict", "fields": {"description": "", "parent": 2, "gn_id": "", "longitude": null, "latitude": null, "gn_name": "", "slug": "seq", "name": "SEQ"}}, {"pk": 3, "model": "location.regiondistrict", "fields": {"description": "", "parent": 4, "gn_id": "", "longitude": null, "latitude": null, "gn_name": "", "slug": "seq", "name": "SEQ"}}, {"pk": 3, "model": "location.locality", "fields": {"description": "", "parent": 3, "gn_id": "", "longitude": null, "latitude": null, "gn_name": "", "slug": "brisbane", "name": "Brisbane"}}, {"pk": 2, "model": "location.locality", "fields": {"description": "", "parent": 2, "gn_id": "", "longitude": null, "latitude": null, "gn_name": "", "slug": "brisbane", "name": "Brisbane"}}, {"pk": 6, "model": "location.locality", "fields": {"description": "", "parent": 2, "gn_id": "", "longitude": null, "latitude": null, "gn_name": "", "slug": "gold-coast", "name": "Gold Coast"}}, {"pk": 7, "model": "location.locality", "fields": {"description": "", "parent": 4, "gn_id": "", "longitude": null, "latitude": null, "gn_name": "", "slug": "launceston", "name": "Launceston"}}, {"pk": 5, "model": "location.locality", "fields": {"description": "", "parent": 3, "gn_id": "", "longitude": null, "latitude": null, "gn_name": "", "slug": "maleny", "name": "Maleny"}}, {"pk": 4, "model": "location.locality", "fields": {"description": "", "parent": 3, "gn_id": "", "longitude": null, "latitude": null, "gn_name": "", "slug": "toowoomba", "name": "Toowoomba"}}, {"pk": 1, "model": "location.locality", "fields": {"description": "", "parent": 2, "gn_id": "", "longitude": null, "latitude": null, "gn_name": "", "slug": "toowoomba", "name": "Toowoomba"}}, {"pk": 19, "model": "auth.permission", "fields": {"codename": "add_logentry", "name": "Can add log entry", "content_type": 7}}, {"pk": 20, "model": "auth.permission", "fields": {"codename": "change_logentry", "name": "Can change log entry", "content_type": 7}}, {"pk": 21, "model": "auth.permission", "fields": {"codename": "delete_logentry", "name": "Can delete log entry", "content_type": 7}}, {"pk": 4, "model": "auth.permission", "fields": {"codename": "add_group", "name": "Can add group", "content_type": 2}}, {"pk": 5, "model": "auth.permission", "fields": {"codename": "change_group", "name": "Can change group", "content_type": 2}}, {"pk": 6, "model": "auth.permission", "fields": {"codename": "delete_group", "name": "Can delete group", "content_type": 2}}, {"pk": 1, "model": "auth.permission", "fields": {"codename": "add_permission", "name": "Can add permission", "content_type": 1}}, {"pk": 2, "model": "auth.permission", "fields": {"codename": "change_permission", "name": "Can change permission", "content_type": 1}}, {"pk": 3, "model": "auth.permission", "fields": {"codename": "delete_permission", "name": "Can delete permission", "content_type": 1}}, {"pk": 7, "model": "auth.permission", "fields": {"codename": "add_user", "name": "Can add user", "content_type": 3}}, {"pk": 8, "model": "auth.permission", "fields": {"codename": "change_user", "name": "Can change user", "content_type": 3}}, {"pk": 9, "model": "auth.permission", "fields": {"codename": "delete_user", "name": "Can delete user", "content_type": 3}}, {"pk": 52, "model": "auth.permission", "fields": {"codename": "add_accessstatus", "name": "Can add access status", "content_type": 18}}, {"pk": 53, "model": "auth.permission", "fields": {"codename": "change_accessstatus", "name": "Can change access status", "content_type": 18}}, {"pk": 54, "model": "auth.permission", "fields": {"codename": "delete_accessstatus", "name": "Can delete access status", "content_type": 18}}, {"pk": 46, "model": "auth.permission", "fields": {"codename": "add_acquisitionmethod", "name": "Can add acquisition method", "content_type": 16}}, {"pk": 47, "model": "auth.permission", "fields": {"codename": "change_acquisitionmethod", "name": "Can change acquisition method", "content_type": 16}}, {"pk": 48, "model": "auth.permission", "fields": {"codename": "delete_acquisitionmethod", "name": "Can delete acquisition method", "content_type": 16}}, {"pk": 67, "model": "auth.permission", "fields": {"codename": "add_artefacttype", "name": "Can add artefact type", "content_type": 23}}, {"pk": 68, "model": "auth.permission", "fields": {"codename": "change_artefacttype", "name": "Can change artefact type", "content_type": 23}}, {"pk": 69, "model": "auth.permission", "fields": {"codename": "delete_artefacttype", "name": "Can delete artefact type", "content_type": 23}}, {"pk": 70, "model": "auth.permission", "fields": {"codename": "add_category", "name": "Can add category", "content_type": 24}}, {"pk": 71, "model": "auth.permission", "fields": {"codename": "change_category", "name": "Can change category", "content_type": 24}}, {"pk": 72, "model": "auth.permission", "fields": {"codename": "delete_category", "name": "Can delete category", "content_type": 24}}, {"pk": 64, "model": "auth.permission", "fields": {"codename": "add_culturalbloc", "name": "Can add cultural bloc", "content_type": 22}}, {"pk": 65, "model": "auth.permission", "fields": {"codename": "change_culturalbloc", "name": "Can change cultural bloc", "content_type": 22}}, {"pk": 66, "model": "auth.permission", "fields": {"codename": "delete_culturalbloc", "name": "Can delete cultural bloc", "content_type": 22}}, {"pk": 61, "model": "auth.permission", "fields": {"codename": "add_functionalcategory", "name": "Can add functional category", "content_type": 21}}, {"pk": 62, "model": "auth.permission", "fields": {"codename": "change_functionalcategory", "name": "Can change functional category", "content_type": 21}}, {"pk": 63, "model": "auth.permission", "fields": {"codename": "delete_functionalcategory", "name": "Can delete functional category", "content_type": 21}}, {"pk": 49, "model": "auth.permission", "fields": {"codename": "add_loanstatus", "name": "Can add loan status", "content_type": 17}}, {"pk": 50, "model": "auth.permission", "fields": {"codename": "change_loanstatus", "name": "Can change loan status", "content_type": 17}}, {"pk": 51, "model": "auth.permission", "fields": {"codename": "delete_loanstatus", "name": "Can delete loan status", "content_type": 17}}, {"pk": 58, "model": "auth.permission", "fields": {"codename": "add_museumobject", "name": "Can add museum object", "content_type": 20}}, {"pk": 59, "model": "auth.permission", "fields": {"codename": "change_museumobject", "name": "Can change museum object", "content_type": 20}}, {"pk": 60, "model": "auth.permission", "fields": {"codename": "delete_museumobject", "name": "Can delete museum object", "content_type": 20}}, {"pk": 55, "model": "auth.permission", "fields": {"codename": "add_obtained", "name": "Can add obtained", "content_type": 19}}, {"pk": 56, "model": "auth.permission", "fields": {"codename": "change_obtained", "name": "Can change obtained", "content_type": 19}}, {"pk": 57, "model": "auth.permission", "fields": {"codename": "delete_obtained", "name": "Can delete obtained", "content_type": 19}}, {"pk": 76, "model": "auth.permission", "fields": {"codename": "add_photorecord", "name": "Can add photo record", "content_type": 26}}, {"pk": 77, "model": "auth.permission", "fields": {"codename": "change_photorecord", "name": "Can change photo record", "content_type": 26}}, {"pk": 78, "model": "auth.permission", "fields": {"codename": "delete_photorecord", "name": "Can delete photo record", "content_type": 26}}, {"pk": 79, "model": "auth.permission", "fields": {"codename": "add_phototype", "name": "Can add photo type", "content_type": 27}}, {"pk": 80, "model": "auth.permission", "fields": {"codename": "change_phototype", "name": "Can change photo type", "content_type": 27}}, {"pk": 81, "model": "auth.permission", "fields": {"codename": "delete_phototype", "name": "Can delete photo type", "content_type": 27}}, {"pk": 82, "model": "auth.permission", "fields": {"codename": "add_recordstatus", "name": "Can add record status", "content_type": 28}}, {"pk": 83, "model": "auth.permission", "fields": {"codename": "change_recordstatus", "name": "Can change record status", "content_type": 28}}, {"pk": 84, "model": "auth.permission", "fields": {"codename": "delete_recordstatus", "name": "Can delete record status", "content_type": 28}}, {"pk": 73, "model": "auth.permission", "fields": {"codename": "add_reference", "name": "Can add reference", "content_type": 25}}, {"pk": 74, "model": "auth.permission", "fields": {"codename": "change_reference", "name": "Can change reference", "content_type": 25}}, {"pk": 75, "model": "auth.permission", "fields": {"codename": "delete_reference", "name": "Can delete reference", "content_type": 25}}, {"pk": 97, "model": "auth.permission", "fields": {"codename": "add_conditionreport", "name": "Can add condition report", "content_type": 33}}, {"pk": 98, "model": "auth.permission", "fields": {"codename": "change_conditionreport", "name": "Can change condition report", "content_type": 33}}, {"pk": 99, "model": "auth.permission", "fields": {"codename": "delete_conditionreport", "name": "Can delete condition report", "content_type": 33}}, {"pk": 100, "model": "auth.permission", "fields": {"codename": "add_conservationaction", "name": "Can add conservation action", "content_type": 34}}, {"pk": 101, "model": "auth.permission", "fields": {"codename": "change_conservationaction", "name": "Can change conservation action", "content_type": 34}}, {"pk": 102, "model": "auth.permission", "fields": {"codename": "delete_conservationaction", "name": "Can delete conservation action", "content_type": 34}}, {"pk": 103, "model": "auth.permission", "fields": {"codename": "add_conservationactiontype", "name": "Can add conservation action type", "content_type": 35}}, {"pk": 104, "model": "auth.permission", "fields": {"codename": "change_conservationactiontype", "name": "Can change conservation action type", "content_type": 35}}, {"pk": 105, "model": "auth.permission", "fields": {"codename": "delete_conservationactiontype", "name": "Can delete conservation action type", "content_type": 35}}, {"pk": 94, "model": "auth.permission", "fields": {"codename": "add_conservator", "name": "Can add conservator", "content_type": 32}}, {"pk": 95, "model": "auth.permission", "fields": {"codename": "change_conservator", "name": "Can change conservator", "content_type": 32}}, {"pk": 96, "model": "auth.permission", "fields": {"codename": "delete_conservator", "name": "Can delete conservator", "content_type": 32}}, {"pk": 106, "model": "auth.permission", "fields": {"codename": "add_deaccession", "name": "Can add deaccession", "content_type": 36}}, {"pk": 107, "model": "auth.permission", "fields": {"codename": "change_deaccession", "name": "Can change deaccession", "content_type": 36}}, {"pk": 108, "model": "auth.permission", "fields": {"codename": "delete_deaccession", "name": "Can delete deaccession", "content_type": 36}}, {"pk": 10, "model": "auth.permission", "fields": {"codename": "add_contenttype", "name": "Can add content type", "content_type": 4}}, {"pk": 11, "model": "auth.permission", "fields": {"codename": "change_contenttype", "name": "Can change content type", "content_type": 4}}, {"pk": 12, "model": "auth.permission", "fields": {"codename": "delete_contenttype", "name": "Can delete content type", "content_type": 4}}, {"pk": 124, "model": "auth.permission", "fields": {"codename": "add_importissue", "name": "Can add import issue", "content_type": 42}}, {"pk": 125, "model": "auth.permission", "fields": {"codename": "change_importissue", "name": "Can change import issue", "content_type": 42}}, {"pk": 126, "model": "auth.permission", "fields": {"codename": "delete_importissue", "name": "Can delete import issue", "content_type": 42}}, {"pk": 31, "model": "auth.permission", "fields": {"codename": "add_crontabschedule", "name": "Can add crontab", "content_type": 11}}, {"pk": 32, "model": "auth.permission", "fields": {"codename": "change_crontabschedule", "name": "Can change crontab", "content_type": 11}}, {"pk": 33, "model": "auth.permission", "fields": {"codename": "delete_crontabschedule", "name": "Can delete crontab", "content_type": 11}}, {"pk": 28, "model": "auth.permission", "fields": {"codename": "add_intervalschedule", "name": "Can add interval", "content_type": 10}}, {"pk": 29, "model": "auth.permission", "fields": {"codename": "change_intervalschedule", "name": "Can change interval", "content_type": 10}}, {"pk": 30, "model": "auth.permission", "fields": {"codename": "delete_intervalschedule", "name": "Can delete interval", "content_type": 10}}, {"pk": 37, "model": "auth.permission", "fields": {"codename": "add_periodictask", "name": "Can add periodic task", "content_type": 13}}, {"pk": 38, "model": "auth.permission", "fields": {"codename": "change_periodictask", "name": "Can change periodic task", "content_type": 13}}, {"pk": 39, "model": "auth.permission", "fields": {"codename": "delete_periodictask", "name": "Can delete periodic task", "content_type": 13}}, {"pk": 34, "model": "auth.permission", "fields": {"codename": "add_periodictasks", "name": "Can add periodic tasks", "content_type": 12}}, {"pk": 35, "model": "auth.permission", "fields": {"codename": "change_periodictasks", "name": "Can change periodic tasks", "content_type": 12}}, {"pk": 36, "model": "auth.permission", "fields": {"codename": "delete_periodictasks", "name": "Can delete periodic tasks", "content_type": 12}}, {"pk": 22, "model": "auth.permission", "fields": {"codename": "add_taskmeta", "name": "Can add task meta", "content_type": 8}}, {"pk": 23, "model": "auth.permission", "fields": {"codename": "change_taskmeta", "name": "Can change task meta", "content_type": 8}}, {"pk": 24, "model": "auth.permission", "fields": {"codename": "delete_taskmeta", "name": "Can delete task meta", "content_type": 8}}, {"pk": 25, "model": "auth.permission", "fields": {"codename": "add_tasksetmeta", "name": "Can add taskset meta", "content_type": 9}}, {"pk": 26, "model": "auth.permission", "fields": {"codename": "change_tasksetmeta", "name": "Can change taskset meta", "content_type": 9}}, {"pk": 27, "model": "auth.permission", "fields": {"codename": "delete_tasksetmeta", "name": "Can delete taskset meta", "content_type": 9}}, {"pk": 43, "model": "auth.permission", "fields": {"codename": "add_taskstate", "name": "Can add task", "content_type": 15}}, {"pk": 44, "model": "auth.permission", "fields": {"codename": "change_taskstate", "name": "Can change task", "content_type": 15}}, {"pk": 45, "model": "auth.permission", "fields": {"codename": "delete_taskstate", "name": "Can delete task", "content_type": 15}}, {"pk": 40, "model": "auth.permission", "fields": {"codename": "add_workerstate", "name": "Can add worker", "content_type": 14}}, {"pk": 41, "model": "auth.permission", "fields": {"codename": "change_workerstate", "name": "Can change worker", "content_type": 14}}, {"pk": 42, "model": "auth.permission", "fields": {"codename": "delete_workerstate", "name": "Can delete worker", "content_type": 14}}, {"pk": 130, "model": "auth.permission", "fields": {"codename": "add_message", "name": "Can add message", "content_type": 44}}, {"pk": 131, "model": "auth.permission", "fields": {"codename": "change_message", "name": "Can change message", "content_type": 44}}, {"pk": 132, "model": "auth.permission", "fields": {"codename": "delete_message", "name": "Can delete message", "content_type": 44}}, {"pk": 127, "model": "auth.permission", "fields": {"codename": "add_queue", "name": "Can add queue", "content_type": 43}}, {"pk": 128, "model": "auth.permission", "fields": {"codename": "change_queue", "name": "Can change queue", "content_type": 43}}, {"pk": 129, "model": "auth.permission", "fields": {"codename": "delete_queue", "name": "Can delete queue", "content_type": 43}}, {"pk": 172, "model": "auth.permission", "fields": {"codename": "add_source", "name": "Can add source", "content_type": 58}}, {"pk": 173, "model": "auth.permission", "fields": {"codename": "change_source", "name": "Can change source", "content_type": 58}}, {"pk": 174, "model": "auth.permission", "fields": {"codename": "delete_source", "name": "Can delete source", "content_type": 58}}, {"pk": 175, "model": "auth.permission", "fields": {"codename": "add_thumbnail", "name": "Can add thumbnail", "content_type": 59}}, {"pk": 176, "model": "auth.permission", "fields": {"codename": "change_thumbnail", "name": "Can change thumbnail", "content_type": 59}}, {"pk": 177, "model": "auth.permission", "fields": {"codename": "delete_thumbnail", "name": "Can delete thumbnail", "content_type": 59}}, {"pk": 169, "model": "auth.permission", "fields": {"codename": "add_flatpage", "name": "Can add flat page", "content_type": 57}}, {"pk": 170, "model": "auth.permission", "fields": {"codename": "change_flatpage", "name": "Can change flat page", "content_type": 57}}, {"pk": 171, "model": "auth.permission", "fields": {"codename": "delete_flatpage", "name": "Can delete flat page", "content_type": 57}}, {"pk": 85, "model": "auth.permission", "fields": {"codename": "add_loanagreement", "name": "Can add loan agreement", "content_type": 29}}, {"pk": 86, "model": "auth.permission", "fields": {"codename": "change_loanagreement", "name": "Can change loan agreement", "content_type": 29}}, {"pk": 87, "model": "auth.permission", "fields": {"codename": "delete_loanagreement", "name": "Can delete loan agreement", "content_type": 29}}, {"pk": 91, "model": "auth.permission", "fields": {"codename": "add_loanitem", "name": "Can add loan item", "content_type": 31}}, {"pk": 92, "model": "auth.permission", "fields": {"codename": "change_loanitem", "name": "Can change loan item", "content_type": 31}}, {"pk": 93, "model": "auth.permission", "fields": {"codename": "delete_loanitem", "name": "Can delete loan item", "content_type": 31}}, {"pk": 88, "model": "auth.permission", "fields": {"codename": "add_loanpurpose", "name": "Can add loan purpose", "content_type": 30}}, {"pk": 89, "model": "auth.permission", "fields": {"codename": "change_loanpurpose", "name": "Can change loan purpose", "content_type": 30}}, {"pk": 90, "model": "auth.permission", "fields": {"codename": "delete_loanpurpose", "name": "Can delete loan purpose", "content_type": 30}}, {"pk": 151, "model": "auth.permission", "fields": {"codename": "add_country", "name": "Can add country", "content_type": 51}}, {"pk": 152, "model": "auth.permission", "fields": {"codename": "change_country", "name": "Can change country", "content_type": 51}}, {"pk": 153, "model": "auth.permission", "fields": {"codename": "delete_country", "name": "Can delete country", "content_type": 51}}, {"pk": 148, "model": "auth.permission", "fields": {"codename": "add_globalregion", "name": "Can add global region", "content_type": 50}}, {"pk": 149, "model": "auth.permission", "fields": {"codename": "change_globalregion", "name": "Can change global region", "content_type": 50}}, {"pk": 150, "model": "auth.permission", "fields": {"codename": "delete_globalregion", "name": "Can delete global region", "content_type": 50}}, {"pk": 160, "model": "auth.permission", "fields": {"codename": "add_locality", "name": "Can add locality", "content_type": 54}}, {"pk": 161, "model": "auth.permission", "fields": {"codename": "change_locality", "name": "Can change locality", "content_type": 54}}, {"pk": 162, "model": "auth.permission", "fields": {"codename": "delete_locality", "name": "Can delete locality", "content_type": 54}}, {"pk": 163, "model": "auth.permission", "fields": {"codename": "add_place", "name": "Can add place", "content_type": 55}}, {"pk": 164, "model": "auth.permission", "fields": {"codename": "change_place", "name": "Can change place", "content_type": 55}}, {"pk": 165, "model": "auth.permission", "fields": {"codename": "delete_place", "name": "Can delete place", "content_type": 55}}, {"pk": 166, "model": "auth.permission", "fields": {"codename": "add_region", "name": "Can add region", "content_type": 56}}, {"pk": 167, "model": "auth.permission", "fields": {"codename": "change_region", "name": "Can change region", "content_type": 56}}, {"pk": 168, "model": "auth.permission", "fields": {"codename": "delete_region", "name": "Can delete region", "content_type": 56}}, {"pk": 157, "model": "auth.permission", "fields": {"codename": "add_regiondistrict", "name": "Can add region district", "content_type": 53}}, {"pk": 158, "model": "auth.permission", "fields": {"codename": "change_regiondistrict", "name": "Can change region district", "content_type": 53}}, {"pk": 159, "model": "auth.permission", "fields": {"codename": "delete_regiondistrict", "name": "Can delete region district", "content_type": 53}}, {"pk": 154, "model": "auth.permission", "fields": {"codename": "add_stateprovince", "name": "Can add state province", "content_type": 52}}, {"pk": 155, "model": "auth.permission", "fields": {"codename": "change_stateprovince", "name": "Can change state province", "content_type": 52}}, {"pk": 156, "model": "auth.permission", "fields": {"codename": "delete_stateprovince", "name": "Can delete state province", "content_type": 52}}, {"pk": 112, "model": "auth.permission", "fields": {"codename": "add_artefactrepresentation", "name": "Can add artefact representation", "content_type": 38}}, {"pk": 113, "model": "auth.permission", "fields": {"codename": "change_artefactrepresentation", "name": "Can change artefact representation", "content_type": 38}}, {"pk": 114, "model": "auth.permission", "fields": {"codename": "delete_artefactrepresentation", "name": "Can delete artefact representation", "content_type": 38}}, {"pk": 115, "model": "auth.permission", "fields": {"codename": "add_document", "name": "Can add document", "content_type": 39}}, {"pk": 116, "model": "auth.permission", "fields": {"codename": "change_document", "name": "Can change document", "content_type": 39}}, {"pk": 117, "model": "auth.permission", "fields": {"codename": "delete_document", "name": "Can delete document", "content_type": 39}}, {"pk": 142, "model": "auth.permission", "fields": {"codename": "add_client", "name": "Can add client", "content_type": 48}}, {"pk": 143, "model": "auth.permission", "fields": {"codename": "change_client", "name": "Can change client", "content_type": 48}}, {"pk": 144, "model": "auth.permission", "fields": {"codename": "delete_client", "name": "Can delete client", "content_type": 48}}, {"pk": 139, "model": "auth.permission", "fields": {"codename": "add_maker", "name": "Can add maker", "content_type": 47}}, {"pk": 140, "model": "auth.permission", "fields": {"codename": "change_maker", "name": "Can change maker", "content_type": 47}}, {"pk": 141, "model": "auth.permission", "fields": {"codename": "delete_maker", "name": "Can delete maker", "content_type": 47}}, {"pk": 145, "model": "auth.permission", "fields": {"codename": "add_museumstaff", "name": "Can add museum staff", "content_type": 49}}, {"pk": 146, "model": "auth.permission", "fields": {"codename": "change_museumstaff", "name": "Can change museum staff", "content_type": 49}}, {"pk": 147, "model": "auth.permission", "fields": {"codename": "delete_museumstaff", "name": "Can delete museum staff", "content_type": 49}}, {"pk": 136, "model": "auth.permission", "fields": {"codename": "add_person", "name": "Can add person", "content_type": 46}}, {"pk": 137, "model": "auth.permission", "fields": {"codename": "change_person", "name": "Can change person", "content_type": 46}}, {"pk": 138, "model": "auth.permission", "fields": {"codename": "delete_person", "name": "Can delete person", "content_type": 46}}, {"pk": 133, "model": "auth.permission", "fields": {"codename": "add_report", "name": "Can add report", "content_type": 45}}, {"pk": 134, "model": "auth.permission", "fields": {"codename": "change_report", "name": "Can change report", "content_type": 45}}, {"pk": 135, "model": "auth.permission", "fields": {"codename": "delete_report", "name": "Can delete report", "content_type": 45}}, {"pk": 13, "model": "auth.permission", "fields": {"codename": "add_session", "name": "Can add session", "content_type": 5}}, {"pk": 14, "model": "auth.permission", "fields": {"codename": "change_session", "name": "Can change session", "content_type": 5}}, {"pk": 15, "model": "auth.permission", "fields": {"codename": "delete_session", "name": "Can delete session", "content_type": 5}}, {"pk": 16, "model": "auth.permission", "fields": {"codename": "add_site", "name": "Can add site", "content_type": 6}}, {"pk": 17, "model": "auth.permission", "fields": {"codename": "change_site", "name": "Can change site", "content_type": 6}}, {"pk": 18, "model": "auth.permission", "fields": {"codename": "delete_site", "name": "Can delete site", "content_type": 6}}, {"pk": 109, "model": "auth.permission", "fields": {"codename": "add_migrationhistory", "name": "Can add migration history", "content_type": 37}}, {"pk": 110, "model": "auth.permission", "fields": {"codename": "change_migrationhistory", "name": "Can change migration history", "content_type": 37}}, {"pk": 111, "model": "auth.permission", "fields": {"codename": "delete_migrationhistory", "name": "Can delete migration history", "content_type": 37}}, {"pk": 118, "model": "auth.permission", "fields": {"codename": "add_collection", "name": "Can add collection", "content_type": 40}}, {"pk": 119, "model": "auth.permission", "fields": {"codename": "change_collection", "name": "Can change collection", "content_type": 40}}, {"pk": 120, "model": "auth.permission", "fields": {"codename": "delete_collection", "name": "Can delete collection", "content_type": 40}}, {"pk": 121, "model": "auth.permission", "fields": {"codename": "add_syndication", "name": "Can add syndication", "content_type": 41}}, {"pk": 122, "model": "auth.permission", "fields": {"codename": "change_syndication", "name": "Can change syndication", "content_type": 41}}, {"pk": 123, "model": "auth.permission", "fields": {"codename": "delete_syndication", "name": "Can delete syndication", "content_type": 41}}, {"pk": 184, "model": "auth.permission", "fields": {"codename": "add_article", "name": "Can add article", "content_type": 62}}, {"pk": 185, "model": "auth.permission", "fields": {"codename": "change_article", "name": "Can change article", "content_type": 62}}, {"pk": 186, "model": "auth.permission", "fields": {"codename": "delete_article", "name": "Can delete article", "content_type": 62}}, {"pk": 187, "model": "auth.permission", "fields": {"codename": "add_book", "name": "Can add book", "content_type": 63}}, {"pk": 188, "model": "auth.permission", "fields": {"codename": "change_book", "name": "Can change book", "content_type": 63}}, {"pk": 189, "model": "auth.permission", "fields": {"codename": "delete_book", "name": "Can delete book", "content_type": 63}}, {"pk": 181, "model": "auth.permission", "fields": {"codename": "add_comment", "name": "Can add comment", "content_type": 61}}, {"pk": 182, "model": "auth.permission", "fields": {"codename": "change_comment", "name": "Can change comment", "content_type": 61}}, {"pk": 183, "model": "auth.permission", "fields": {"codename": "delete_comment", "name": "Can delete comment", "content_type": 61}}, {"pk": 190, "model": "auth.permission", "fields": {"codename": "add_restaurant", "name": "Can add restaurant", "content_type": 64}}, {"pk": 191, "model": "auth.permission", "fields": {"codename": "change_restaurant", "name": "Can change restaurant", "content_type": 64}}, {"pk": 192, "model": "auth.permission", "fields": {"codename": "delete_restaurant", "name": "Can delete restaurant", "content_type": 64}}, {"pk": 178, "model": "auth.permission", "fields": {"codename": "add_user", "name": "Can add user", "content_type": 60}}, {"pk": 179, "model": "auth.permission", "fields": {"codename": "change_user", "name": "Can change user", "content_type": 60}}, {"pk": 180, "model": "auth.permission", "fields": {"codename": "delete_user", "name": "Can delete user", "content_type": 60}}, {"pk": 1, "model": "auth.user", "fields": {"username": "admin", "first_name": "", "last_name": "", "is_active": true, "is_superuser": true, "is_staff": true, "last_login": "2012-07-23T17:09:11.955", "groups": [], "user_permissions": [], "password": "pbkdf2_sha256$10000$vzhbLVpJPF44$62B6XEZf1fGhokRzMAmtraKAJSo36ZTvu9pDebncsWM=", "email": "d.ayers@uq.edu.au", "date_joined": "2012-07-23T16:02:32.830"}}, {"pk": 22, "model": "admin.logentry", "fields": {"action_flag": 1, "action_time": "2012-07-24T14:11:17.715", "object_repr": "test: 9", "object_id": "9", "change_message": "", "user": 1, "content_type": 20}}, {"pk": 21, "model": "admin.logentry", "fields": {"action_flag": 2, "action_time": "2012-07-24T14:10:55.593", "object_repr": "test: 8", "object_id": "8", "change_message": "No fields changed.", "user": 1, "content_type": 20}}, {"pk": 20, "model": "admin.logentry", "fields": {"action_flag": 1, "action_time": "2012-07-24T14:10:49.889", "object_repr": "test: 8", "object_id": "8", "change_message": "", "user": 1, "content_type": 20}}, {"pk": 19, "model": "admin.logentry", "fields": {"action_flag": 1, "action_time": "2012-07-24T11:26:25.790", "object_repr": "test: 7", "object_id": "7", "change_message": "", "user": 1, "content_type": 20}}, {"pk": 18, "model": "admin.logentry", "fields": {"action_flag": 1, "action_time": "2012-07-24T10:31:51.385", "object_repr": "test: 6", "object_id": "6", "change_message": "", "user": 1, "content_type": 20}}, {"pk": 17, "model": "admin.logentry", "fields": {"action_flag": 1, "action_time": "2012-07-24T10:31:12.601", "object_repr": "test: 5", "object_id": "5", "change_message": "", "user": 1, "content_type": 20}}, {"pk": 16, "model": "admin.logentry", "fields": {"action_flag": 2, "action_time": "2012-07-24T10:26:37.831", "object_repr": "test: 4", "object_id": "4", "change_message": "Changed country, state_province, region_district and locality.", "user": 1, "content_type": 20}}, {"pk": 15, "model": "admin.logentry", "fields": {"action_flag": 2, "action_time": "2012-07-24T10:26:02.640", "object_repr": "test: 3", "object_id": "3", "change_message": "Changed global_region, country, state_province, region_district and locality.", "user": 1, "content_type": 20}}, {"pk": 14, "model": "admin.logentry", "fields": {"action_flag": 2, "action_time": "2012-07-24T10:25:52.296", "object_repr": "test: 2", "object_id": "2", "change_message": "Changed country, state_province, region_district and locality.", "user": 1, "content_type": 20}}, {"pk": 13, "model": "admin.logentry", "fields": {"action_flag": 2, "action_time": "2012-07-24T10:20:34.823", "object_repr": "test: 1", "object_id": "1", "change_message": "Changed global_region, country, state_province, region_district and locality.", "user": 1, "content_type": 20}}, {"pk": 12, "model": "admin.logentry", "fields": {"action_flag": 1, "action_time": "2012-07-24T10:05:55.766", "object_repr": "test: 4", "object_id": "4", "change_message": "", "user": 1, "content_type": 20}}, {"pk": 11, "model": "admin.logentry", "fields": {"action_flag": 1, "action_time": "2012-07-24T10:03:29.903", "object_repr": "test: 3", "object_id": "3", "change_message": "", "user": 1, "content_type": 20}}, {"pk": 10, "model": "admin.logentry", "fields": {"action_flag": 1, "action_time": "2012-07-24T10:03:11.133", "object_repr": "test: 2", "object_id": "2", "change_message": "", "user": 1, "content_type": 20}}, {"pk": 9, "model": "admin.logentry", "fields": {"action_flag": 1, "action_time": "2012-07-24T10:02:36.839", "object_repr": "test: 1", "object_id": "1", "change_message": "", "user": 1, "content_type": 20}}, {"pk": 8, "model": "admin.logentry", "fields": {"action_flag": 1, "action_time": "2012-07-24T10:02:04.381", "object_repr": "test obtained", "object_id": "1", "change_message": "", "user": 1, "content_type": 19}}, {"pk": 7, "model": "admin.logentry", "fields": {"action_flag": 1, "action_time": "2012-07-24T10:01:55.408", "object_repr": "test", "object_id": "1", "change_message": "", "user": 1, "content_type": 16}}, {"pk": 6, "model": "admin.logentry", "fields": {"action_flag": 1, "action_time": "2012-07-24T10:01:18.537", "object_repr": "test access", "object_id": "1", "change_message": "", "user": 1, "content_type": 18}}, {"pk": 5, "model": "admin.logentry", "fields": {"action_flag": 1, "action_time": "2012-07-24T09:58:52.208", "object_repr": "test", "object_id": "1", "change_message": "", "user": 1, "content_type": 17}}, {"pk": 4, "model": "admin.logentry", "fields": {"action_flag": 1, "action_time": "2012-07-24T09:58:01.099", "object_repr": "test", "object_id": "1", "change_message": "", "user": 1, "content_type": 23}}, {"pk": 3, "model": "admin.logentry", "fields": {"action_flag": 1, "action_time": "2012-07-23T16:07:24.996", "object_repr": "Europe", "object_id": "3", "change_message": "", "user": 1, "content_type": 50}}, {"pk": 2, "model": "admin.logentry", "fields": {"action_flag": 1, "action_time": "2012-07-23T16:07:15.010", "object_repr": "Asia", "object_id": "2", "change_message": "", "user": 1, "content_type": 50}}, {"pk": 1, "model": "admin.logentry", "fields": {"action_flag": 1, "action_time": "2012-07-23T16:07:05.325", "object_repr": "Australia", "object_id": "1", "change_message": "", "user": 1, "content_type": 50}}]